From,TokenId
0xda6185f826df2c899cbc069b1f681200468b42ab,2936
0x5746ddf4afb18da1cbf3fa26323c338b9bccbc02,1210
0x1e7ac844733e7c279c81ba0b9a1944704e4386d2,441
0x8367a713bc14212ab1bb8c55a778e43e50b8b927,1804
0x786b2b68f87f335a19ac71d3072a95418a8b59a9,1664
0xbeb0737585bd8a9306e2777966d413bf3735861b,2576
0x4d29b7f953ba471fb650fc5842127b05e35949b5,1084
0x180c057319b4901f46f1445121047797e8490d23,320
0x88c36aac04487c1cb8e998cb76f6dd9cf10854b9,1872
0xb6c87d2eea59f2af95fef9f4cc0fc809824e9706,2502
0x1825c38c399afdabdb733c27052ce5c760febdb6,322
0x861bea9c765f424cd04608b98b49522367099d9a,1844
0xa5d4bd9b2ae6d18c487b9cc66325ca4e2961df77,2252
0x58f1e953d2d81f19a1b8ee83829bcadda2ef043e,1237
0xd55faa5916a37a8e6ad1b526c14a05629519654d,2876
0x31ee47a0bf557c4949baad97d798b6b156cbd231,718
0x3f01205bfcaae55c30792fdfc4ce332b4652bac4,869
0x08ceedd2e16e37153081b546cd768146d5754ef3,129
0xdd4c193d71b5c48166ed5479f4119015b09fe03b,2978
0xc391b1d2b43a8cbb50e2970a5f52d47aecca7803,2636
0x8475ca67cf7720da1fac0da3bea85e38e8814974,1815
0xd1f216b640a9bab9e6dd52e365e15ff2ac7e6002,2825
0x6cc25d0bc1613379ff4b03bd6422bf0b449e8713,1523
0xa43ab7dfe18dfc089feaaaa7181c3bb4e5063ae0,2225
0xf8024ce7ecd6870f233e8e2b92a80baaae7d2407,3302
0xb858b447850d08fbf840f3c1ce3bb048f3c0c95e,2522
0x1ad8428b37c9de12ab829333cfc3a28fe0a52da9,381
0xf8024ce7ecd6870f233e8e2b92a80baaae7d2407,3303
0x1ad8428b37c9de12ab829333cfc3a28fe0a52da9,379
0x18fcc3b89c6232c09f49b8c52415a7df74526dc8,338
0x1ad8428b37c9de12ab829333cfc3a28fe0a52da9,380
0xe8ea2dd973fe312ebcc716ca6c5b5ee416c4272b,3137
0xb858b447850d08fbf840f3c1ce3bb048f3c0c95e,2523
0x92a6f975cbb957677e44877008b4f85094350810,2008
0xe568ca143592df06a7eabfd4d9d563f1289dc607,3095
0xe568ca143592df06a7eabfd4d9d563f1289dc607,3097
0xb7925053ba9dc0c1f1ec9202dc436434466f82f4,2512
0xe568ca143592df06a7eabfd4d9d563f1289dc607,3096
0x348ebfa7b44af0ad9a5a9870cdec540be548b66c,754
0x93059174369b6142976d641fa358df0a68eeee3d,2012
0x21a7c7a249858580dd2b01ebb5a752ce8cd7e8aa,499
0x18c62e9912669d54067db2170cb5e2f1a54ce074,334
0x0bcc5fe7f4ae819f5447e66ce8473143caa7ef98,162
0x03b367733f46743534c9bb13bd4fb5ae2780babc,79
0x9a7710e1735cf8ebd9f204b1683862cec4086b58,2107
0x161a755f59334f9869de422cfb9265f445e5567b,289
0x54f6a34678d5b78205b024dc5db6222c3bee9e6d,1187
0x633d2239166ae6ef8d38ce1674c8bc405e2550b8,1368
0xbfe1dbb153a478a3a60575fd01bd6a3204715f80,2598
0x5ba9bd462b06912ca83e270d56bc0481835e3d9a,1293
0xae35192465fd0c8c801413bde277de79994f0dff,2385
0xbbeec007e7a73ebdc9c04a751b398a9a30d4fe24,2552
0xd4639401147eae5e343a85f0096fe82bfe3221d7,2860
0x870894200fbf1580c7df97cc6aa4ce857b7895ff,1852
0x3a9d246fa5b5f3824e6c682cce7e38a1d441b6d7,814
0xf57b03ce29ba8322a7ac8bdbaec7eb1e9ed157d0,3279
0x0bcc5fe7f4ae819f5447e66ce8473143caa7ef98,163
0x993a69efe73e3f87df4276e40e81e426385fd2d8,2090
0x9c63ba3ba5d25275ac3ae8f2aa11e72f4840d921,2141
0xc7a85cdcf6d90e49d6cf1497a4c2432de0f2f5de,2692
0xa8811a290c1690c39732118331329373693d9e2a,2284
0xa8811a290c1690c39732118331329373693d9e2a,2283
0xfe49a7be7b42fffa70227db9ec2ee7fa5ab77063,3377
0x3a9d246fa5b5f3824e6c682cce7e38a1d441b6d7,811
0x2357feaad45a61ee4f663c203f660580430e75c6,533
0x63de2a63393dbe41620a64e33c370a748da1c370,1375
0x3a9d246fa5b5f3824e6c682cce7e38a1d441b6d7,813
0xfe49a7be7b42fffa70227db9ec2ee7fa5ab77063,3378
0x787a54c18784659856f516d3688aaa672e96f39c,1669
0x57b632e31618cf0807f3399962127a9e17198562,1218
0x20c05038079de1c1e5de7956142181e9a1d2feb8,478
0xa4f0670468dfb825e6c2b5571e2c97d0844190a3,2246
0xd711f9a7aae321391ef79181273631463751922b,2898
0x3157fe79822a9ba9344877b6411457a4153a6d47,706
0x0ecdbc1ed8b294323c81ea1ac81fa5a58d27a7bb,210
0xd711f9a7aae321391ef79181273631463751922b,2900
0xd711f9a7aae321391ef79181273631463751922b,2896
0xd711f9a7aae321391ef79181273631463751922b,2897
0x738027f2d60d05b3b136893fd9c97a75f737bb8e,1589
0x5a14b6ab8de8eb817401ee045e5496373baed6d2,1263
0xe6fd49e17efeddcb25cefe36adec1187b5a91c14,3116
0xdc4d0ca38b10526e67deaf1ab9b91c8ee2277c97,2964
0x73d30ba3dc4ffd17c28cc2d75d12e50df98f29cf,1603
0x735c6a01411ca107a44c30c7161adae034ebedb6,1588
0x5a14b6ab8de8eb817401ee045e5496373baed6d2,1264
0x0ecdbc1ed8b294323c81ea1ac81fa5a58d27a7bb,209
0x93cb018f713c3956fabbb469f6d457678e1c6b91,2024
0x3a9d246fa5b5f3824e6c682cce7e38a1d441b6d7,809
0xc1ea9fe62240081314f99016d120f65d531c690c,2618
0xebea63f22998d2dcc433435cd74e3d8555b6e0a7,3176
0x12c4ea859b3505a6910303aa726ed083fc8e95dc,247
0x454b13060de82c82c087e9a429f03e0289b57065,952
0x6ac2c8ea29adfff9d131adaedd5dc60c5d8ccb0e,1478
0x6ac2c8ea29adfff9d131adaedd5dc60c5d8ccb0e,1479
0xda570b732440df402eea9f0026fee439f6254486,2935
0xdfdb5cbd8e033d6af092648905de738a1e639579,3004
0x454b13060de82c82c087e9a429f03e0289b57065,953
0x2b18e9c6b073f368c63d6e372380653edd945b42,641
0x0bb8c49b33c732657e9fa0f21118f2ddde1f3341,154
0x1a0e35271c516a0e3bbe87a2da9d38a4c172c9c9,356
0x6ac2c8ea29adfff9d131adaedd5dc60c5d8ccb0e,1476
0x4add6d10680210419c83d4663689ba3657294b73,1050
0xdfdb5cbd8e033d6af092648905de738a1e639579,3005
0x0036631a63825c3ceb8c835a9e3c1ad1424a54c2,31
0x4add6d10680210419c83d4663689ba3657294b73,1051
0x6ac2c8ea29adfff9d131adaedd5dc60c5d8ccb0e,1477
0xaaa196a8149c5b0dbf5d584340225fa11f546152,2310
0x4698917d0f308658270faf65973a9872b99215f2,965
0x72842c7b040265392d756b63f907a89032ee8ae6,1572
0x4322aa46ffed67809862da613725728e2fb8eae3,911
0xcba35e68a8e99cd32a31e37aa2e57e2eaa727c1b,2737
0x13fbe377e8716b543941dcf3b28dc3545ad66620,261
0x7f82540e193d441aeec5d801c292664a2a21777e,1751
0x4322aa46ffed67809862da613725728e2fb8eae3,910
0x4322aa46ffed67809862da613725728e2fb8eae3,912
0x15fd96621656274f6746d9f757c10d2762dcc9e9,286
0x6dab25d23ec3f62f27578fcda132192fcf046dd5,1531
0x4322aa46ffed67809862da613725728e2fb8eae3,913
0xb3557ba0d49bb21b43b2a5ac1db4b5258b8e6640,2443
0x95f3f92ccdc19b8c09d8fee0bc52b62ac09d6698,2051
0x84ba38696f4f2dbcb88ec2c5f82d24a074d2e6fe,1828
0xfa4e98a3973ac6d51918e69d49f749219518c5a5,3320
0x596c2a077c671a0ce4dc959c6374d18e6c43fe70,1244
0x64ced50a327703b5ba13f781e23b254416b82473,1383
0x64ced50a327703b5ba13f781e23b254416b82473,1381
0x94b7a1139d6f3d96d37c4f58be954ffdc2b65a22,2037
0x072aaa8bfdd3fa84f0f505c83c0704250e9b90a6,122
0x596c2a077c671a0ce4dc959c6374d18e6c43fe70,1245
0x7c97af86a0f92beceb712417fa0856188bb6b337,1722
0xe3460c866c705ca994e93e27957dc9060c79dfef,3067
0x91a8f487eb26101324bc1ce3660a97efd0185b1c,1996
0x983953213fd82e8d0bab2fc7c803ae5dff9d0de1,2075
0x20cd114ecf70c79502cc2b47b7d70c3a5f6b508e,479
0x983953213fd82e8d0bab2fc7c803ae5dff9d0de1,2073
0xca39e2028aa089a687daa283a2e278d3dcd31196,2724
0x983953213fd82e8d0bab2fc7c803ae5dff9d0de1,2076
0x876257e884f2475901d37c074599edac6cf3fc4d,1854
0xcecfb5155a25fdb3aee8e6fca461a9f590973e87,2783
0xecf70577321bb348b9a94fbb088832e62ba094fb,3192
0x3d1805699ff92f10384f6deb5ce39cfbc93021e9,834
0x77f961a9e4c61eedcc328636e08cc1519901266a,1656
0x3d98193da4bf0eed693bc803ba364e182c3610d7,836
0x0bf40e25be00dfc07183525c151612f7586353ec,166
0x8262f402b9418af03b98c21651b8f9c7b5206bef,1783
0x77f961a9e4c61eedcc328636e08cc1519901266a,1658
0x123be94bca3e5ae858039112d14c1c740a3989f9,240
0xc6a51530c0801e69d5e2d3a84da0ddeafc03851c,2681
0x54b3641e6bcdd3b3b3b3d7508cfc1e94e9d66472,1184
0x0bf40e25be00dfc07183525c151612f7586353ec,165
0xcecfb5155a25fdb3aee8e6fca461a9f590973e87,2782
0x8fef785efcf67f302a324620c0d4b0fc699a0084,1973
0x6e513ada916670389097752d05bf609d1246b4d2,1536
0x9c1bfae21278aac3705833b203cb509a99725af9,2136
0x8639eb2f2e9db036b57ff1eaf4643cedaf2e0f65,1847
0xd49e2ce67633521923dff4b6cbee343bc1695a9d,2863
0xe5fe66a8feecb1a613b3b9003ecd35a817bbf113,3102
0xcecfb5155a25fdb3aee8e6fca461a9f590973e87,2784
0x5ed42c848f9f0d81b7792370f4ed9c4e3022132f,1323
0xe38918204954b986aecfc73c8edc831905a64f60,3072
0x6ffec4d9b81be3cbd90d43d01a8c0e0bba135ec9,1551
0xed1ba49805e18a3d58b0bc284052d9f8603c29b2,3193
0x7a41f1761763c189c650b317e4ff42124cd71962,1697
0x13d33c9f2f3e7f8f14b1ee0988f4dc929ee87a92,258
0x13d33c9f2f3e7f8f14b1ee0988f4dc929ee87a92,257
0x84c55a056efa8334c4704e1c6e698243e57d9841,1829
0x9fa5f0553864c1789362dce77f4b7e8fa5631953,2174
0xb4d89a621c4a491feee7e1fdc321474495a2ecce,2480
0xb7dd8bf3f71e7e07603d18d1df1a5fad66174d2c,2516
0x9fa5f0553864c1789362dce77f4b7e8fa5631953,2173
0x4246a7506721c2c35e8c69021124c3390e72f437,901
0x4ef27b561587555a3203578f878fa8479af6a7b2,1109
0x4ef27b561587555a3203578f878fa8479af6a7b2,1110
0x9fa5f0553864c1789362dce77f4b7e8fa5631953,2175
0x79a6ed4326d596c50a9bd965c8d8af101993047c,1691
0xfa3a6307178f2904f1b751590df8f37c2646db8a,3318
0x1259c4072a896c8f1546b9baa2d33829021a1188,242
0xdc7b5db4ff464f172a4870b1b91834b51ba2b6c2,2969
0x89d42f152a826e28c69413ec5c98e6bccb7c7abf,1892
0x2a50c8a033ed2ceac39abf2ea02da31695516531,632
0x1402b797edf4463774eea8d6ba20d8d858a64209,262
0x4d81568deae9bbb35792534f564ca6e45651f6ae,1092
0x01ea7683724e84f360b4630c88cd329fa1514722,47
0x69ef0b59d171ee54fc5e75f0f584a69a4af0dee4,1456
0x786b2b68f87f335a19ac71d3072a95418a8b59a9,1666
0x62eaa51dcac065abb55eed7047785a0080e7dfb4,1367
0x4761b0064c92e96b6be93cb470835eb2a25d955e,982
0x4bc2587e2abd204deaa4da0e00dd9ef4d6416574,1059
0x4bc2587e2abd204deaa4da0e00dd9ef4d6416574,1058
0x4919605b857926734476cb53add1ce0e1c8b7763,1027
0x6715bb230daae47856855e646ed9b92b9296b924,1416
0xff1eeadf11274d032039607c5bcc73f3fffeaac8,3386
0xbfb7746a642e4ac4549da3f203da3d110f0c4a4d,2595
0xbfb7746a642e4ac4549da3f203da3d110f0c4a4d,2594
0x53117804d18f8452cbd808aed1c821a2d7c8f1f3,1166
0x797fce8b03eb2866e02eae295449a619b677acde,1687
0x7525e71f51bda1fbc326000714d2fc68ed5aed6b,1620
0x9a0370dc7abd9d0c32514e50e37f9f2af5911ba1,2097
0x562d3960487e57224624a62e067fb72882f056b6,1194
0x1ca1a1cefbf0af16de87f351dda5e199527194e8,405
0x6a4f1133664e7f4481d79bb90d875ba9b2d854f8,1464
0x594f49b52400db1d87c7db3f784be20d50972ae0,1241
0x594f49b52400db1d87c7db3f784be20d50972ae0,1240
0x6b254f8a91e255a4fb916501f896e15522799d82,1486
0x7f6d69c1a492da8d3c979c651361b9b071f1d3e3,1749
0x594f49b52400db1d87c7db3f784be20d50972ae0,1242
0xdc364997d34066d76ed018f600328a7ddf930319,2959
0xd8a8e3162283d630c4f82f193bdff7bd07ddfe3b,2919
0xd8a8e3162283d630c4f82f193bdff7bd07ddfe3b,2918
0xc3117590671b5211364697470b5b6cf7a37c8407,2630
0xe11b8a74ab9dbba661b143a3d0ce906c6e6f91c9,3036
0xd444f2435857ec18be4d7ed194a339cd5a9beb36,2859
0x185fb1425cb75b105f26b5f22a70977277df6558,325
0x5235381a2b50c450b5965dc607a46e34ecc35ed0,1159
0xcb386c66ea4a2712c64127e8a3efa26ee819e6f3,2730
0xff4e19558bd9a23577adecacd88de3b905fbcc90,3392
0xae2bb8eb377e750ffd0f77504829d450434a8fbe,2384
0xdb68bdea9fbd14039380b526a0af8bde52cfa154,2949
0xb2983022b9f3910d1e8dba7ef0a6418bd10166ce,2434
0xdfc0710a3fd8f9ca73caf800dcdd737a7019bda8,3002
0x7c62be81b4372202e090ee22cae8a8f643f4469e,1718
0xd5dbbc9d51fbe6167d8ab971e7e79543636266a9,2884
0x47b8c3e8f79e915b676d2c6f665cf1957a4deaf8,993
0x0c3bab9fa59e41da6725e94c2d774258fd392fa9,170
0xf25b4c6ba808cb44c438b46032a2f1476ef92fbd,3245
0x36df96c00222877173eeea5bdea6d1891d5991dd,773
0x482293e4c21130f069169e5d7e9c99f239c5ee8e,996
0x482293e4c21130f069169e5d7e9c99f239c5ee8e,1002
0x482293e4c21130f069169e5d7e9c99f239c5ee8e,1011
0x482293e4c21130f069169e5d7e9c99f239c5ee8e,1008
0x482293e4c21130f069169e5d7e9c99f239c5ee8e,1012
0x482293e4c21130f069169e5d7e9c99f239c5ee8e,1000
0x482293e4c21130f069169e5d7e9c99f239c5ee8e,1004
0x482293e4c21130f069169e5d7e9c99f239c5ee8e,1014
0x482293e4c21130f069169e5d7e9c99f239c5ee8e,999
0x482293e4c21130f069169e5d7e9c99f239c5ee8e,995
0x482293e4c21130f069169e5d7e9c99f239c5ee8e,1003
0x482293e4c21130f069169e5d7e9c99f239c5ee8e,1010
0x482293e4c21130f069169e5d7e9c99f239c5ee8e,1009
0x482293e4c21130f069169e5d7e9c99f239c5ee8e,1001
0x277664f432e9b606242fb18d9bf36623a9006135,575
0x277664f432e9b606242fb18d9bf36623a9006135,577
0x696ca11d11d9df4d2d548abb15a0b81402d555de,1451
0x482293e4c21130f069169e5d7e9c99f239c5ee8e,1006
0x482293e4c21130f069169e5d7e9c99f239c5ee8e,1013
0x277664f432e9b606242fb18d9bf36623a9006135,576
0x482293e4c21130f069169e5d7e9c99f239c5ee8e,998
0x482293e4c21130f069169e5d7e9c99f239c5ee8e,1005
0x836a51a6d849e6b1a2161c2329a71c7574b35d5c,1807
0x28b39cc34568514a067d9a691668e30356748471,610
0xdfc7868d30a475f1bf892214bccea4c37d24d44e,3003
0x9629e4be48170356af7a6cdde347f9d1c12dacf0,2055
0x34c4f0f1cbf39ff77a314734d390b82787be6722,755
0x91b79331dc9714948a2f9d5ca981cf5fc1a4fdb9,1999
0xa867fc6742f3508ce858d807643f93496fbddd25,2278
0x5746ddf4afb18da1cbf3fa26323c338b9bccbc02,1208
0x2b2b887e31133a6a56a973c8d0436bc9ba09fc0b,643
0xc5adfb6f78e04f870b748b60a1ab010251484707,2669
0x8251afa90a683c0c73747adc99f0fd517f659adf,1781
0xfb0eae634cc1b8ca421df093424508eb5c5d41d6,3326
0xb5d0bda238e948b32b3fa41cdc1ab422346b058b,2490
0x3ece79a27a0e4f9875e0a723187fa1dfa7465e22,854
0x39b9949e21b45a02ba918e104071bcbe23b569db,804
0x1dcd8e2f52ea63cc3ed092fca48c19104da47929,429
0x944b3914d05b095672c33d9946d6cfdd4d2946f9,2027
0x9a3c172ed08ff11b84cb47e0b800e95c10abe04f,2103
0xdf5569a35e391e7093ca75c84e840220556ed483,2995
0xbb8b34662aaea23efd99e709b5d7d5ee2ed48be3,2548
0xdf5569a35e391e7093ca75c84e840220556ed483,2996
0x7d51997b2853b7c097a0071c086df4a946096331,1731
0x8d738f36074c4be1443a1993c32929718ab4b461,1931
0x7d51997b2853b7c097a0071c086df4a946096331,1730
0xd83feb35dc18481bc28e6e0bfe4959b8706a1da3,2914
0x7d51997b2853b7c097a0071c086df4a946096331,1733
0x92c0508df7dbb81901113309108f40033fcc4d80,2010
0xd83feb35dc18481bc28e6e0bfe4959b8706a1da3,2915
0x7d51997b2853b7c097a0071c086df4a946096331,1732
0xad2044335cdfc44775c037230e8cfb5ecdae5141,2356
0x71a113e0953405421ef1ae2611c5353b1e532e1a,1558
0x3a2ff6e85b0c5463bae870a383461738ae582348,806
0x3ee4a408d933953571cea6615a55f2873ec8201d,860
0x3ee4a408d933953571cea6615a55f2873ec8201d,856
0x84f5eaab08ef8f0c48b58f8586b1e66f39fa0f0b,1832
0xf9d04a2c4ada456167f4107eb6d45c48091564c3,3312
0x3ee4a408d933953571cea6615a55f2873ec8201d,861
0xb4f25a693c94ec5a7d495bd48046ee5560c03698,2482
0x7ba22a60ea491c62b4935911402477203ec5ef5b,1704
0x9150a2b4cc3dd4190a42c4766b2dfc2e2a03c38d,1989
0x6927bf7c24ced92ec1505b083f8b2889180c7e7f,1448
0xd0a5abc758271a47109d2f9c9695c242af8cf5e6,2804
0x852cf8b225ff142970e5a907ded04a46d28b7222,1836
0xbddb878b393bf91f8d34b2edf7087ca529e3ccaf,2561
0xc42850059e5c2e9cf6d1391d02a0f78123a79294,2648
0xbddb878b393bf91f8d34b2edf7087ca529e3ccaf,2563
0x852cf8b225ff142970e5a907ded04a46d28b7222,1835
0xff0e8c03cc1f8cc4c1228308b2427bb40227d547,3385
0x2329c3c0e44400404f096c4873f4b660d8e6c19a,529
0xbddb878b393bf91f8d34b2edf7087ca529e3ccaf,2562
0x21f94633e3a6cb1abc2d10c7c94b745f2e8226af,505
0x8ed6558d8dbc2ee3d27e02243f5cb229a58a053f,1953
0x48cf8825fb3ef73d151b4d3cb21a13ae153f247e,1020
0x9502335fb71936a7de5d3de2c590e455b1e81d9f,2041
0x9502335fb71936a7de5d3de2c590e455b1e81d9f,2042
0xf22f00d0b95b1b728078066e5f4410f6b2be8fae,3240
0x4a29367c5ae9f84ef03e447d1f7dee8e6b16229d,1036
0x342e99aae60c52213f85e3a14e0a749b88675a6e,748
0x1b3a082c1a07869a4c2eeeb65f3310b97c365835,387
0xd640c898b0902bd02f69de0fe8d0bd560956db76,2885
0x03424cea2eb3f7a540b65ee25e52b6202f129f4f,66
0x98f12563bbdd7926a398230a4f9b33269827bf27,2085
0x4a2515e0d6d23baf3229f124cc361bc7d3834fec,1035
0x4e39795874922b61cf3a6adb3a85d52fa736eceb,1099
0x4748ce48e8979e7ab09b2e8df95a1bec7c65b869,980
0xfe902de9c52058ec39a161084a3fd88d4ead8df2,3380
0x9f2864493444ef11ec1759969e23fc94193fe16b,2169
0x0f92aa8b715f49f32b62d51fff9e09f61d5b153e,218
0x9f2864493444ef11ec1759969e23fc94193fe16b,2168
0x5c739f398e3a9276ff8947bd88af15c16bec5ace,1304
0x024617477119eb697673ca64580dccc16817965e,53
0xd58518b059895d0628f065f42d2d90d37f347f1a,2878
0xac27bcdbddd6c1b58173aac2cdddfeb19d5a6553,2335
0x9e6f7ea527814defd48b44464401392991e5cedb,2162
0xac27bcdbddd6c1b58173aac2cdddfeb19d5a6553,2336
0x738bcc17419d5a5cce2a2f56d4ddbb3d2c1c235a,1591
0xce073a5ffe834666d3ea112cd41b04ebe042ba28,2766
0x0ce1cdcfb4f2cf06812c632f8752620482f5ba7d,182
0xa0aa8d78ee9bc587c1f91f47ae683f5e3fac5df9,2187
0xa0aa8d78ee9bc587c1f91f47ae683f5e3fac5df9,2188
0x7673c5cbac0319596fd9982660835bb85e978c99,1634
0xbb959f3e8dae3d06bfcbd4edd25845a7de571216,2549
0x7673c5cbac0319596fd9982660835bb85e978c99,1633
0x0ce1cdcfb4f2cf06812c632f8752620482f5ba7d,183
0xac0f787d5eb1f44832ecb14ce1ad3382088e63d7,2333
0xd0ea19063156f1dd0fd0af10aa4573124fc6e777,2806
0xd0ea19063156f1dd0fd0af10aa4573124fc6e777,2805
0xfc60b11b370928368e6242fa3b96996b0e04226d,3345
0xac3b04591aeb4ab599c09207cbfafbab53d9074f,2337
0x047ccc087bc83bf783757adb1efd8e98636a8fe9,91
0x993d705441d4e8dbbd14859c78b3dfbb23b1e89a,2091
0x047ccc087bc83bf783757adb1efd8e98636a8fe9,90
0x25353cc20c62b03d02c12025359eaef80adf219b,550
0xdb67f9800f73ca27dd84ea9382ace75745a3ed9b,2948
0x0d62158a589c3cf50adcaa21ee786f1e94c74f7f,191
0x25353cc20c62b03d02c12025359eaef80adf219b,549
0xecae610393626f8ca26be9299b5c84ff3938e70a,3190
0x862b214ce3bf059df24b2460ab4c6a608b26baca,1846
0x9fc0889347d4aaa4bf3af3240f8221e3682b70d4,2178
0xd78b3277352d7c7752831de72510f485f3e8a58c,2908
0x5ffded7c3a1add928fd09eeb4ebda3c265622d7f,1336
0xc6517bfbb22e4ac6e7510f45cf650f133edfc5c1,2678
0x4fcc15929e7227fc2004de64524e0005d607f693,1121
0xa554951e8898bb4b598bfcd5648a7d1dd092b385,2248
0xe21e3e6529f318e6f9be1a5656b72db047349fca,3054
0xe21e3e6529f318e6f9be1a5656b72db047349fca,3055
0x1c3becc3000ec36300b260cdb19a67e02d35059a,398
0xe21e3e6529f318e6f9be1a5656b72db047349fca,3051
0x1c3becc3000ec36300b260cdb19a67e02d35059a,397
0xe21e3e6529f318e6f9be1a5656b72db047349fca,3050
0x1c3becc3000ec36300b260cdb19a67e02d35059a,396
0xe21e3e6529f318e6f9be1a5656b72db047349fca,3052
0xe21e3e6529f318e6f9be1a5656b72db047349fca,3053
0xe21e3e6529f318e6f9be1a5656b72db047349fca,3048
0xee4d308cc1cde3dd0adcb5a2c85edff22db64918,3202
0x44b1c428744baab6056bd9049bce34ff32144bd9,937
0x44b1c428744baab6056bd9049bce34ff32144bd9,935
0x44b1c428744baab6056bd9049bce34ff32144bd9,936
0x0e10d178333bd38285e0f12109757ce34de59acd,200
0xcb482005596f52839ae4505d73164027ad103376,2733
0xe896675803da7df23c9bbda3646bbd82593b6668,3134
0xe896675803da7df23c9bbda3646bbd82593b6668,3136
0xe896675803da7df23c9bbda3646bbd82593b6668,3135
0x6713ff2d0fed1be9a8cb42f1de42d27a6e35c255,1415
0x21fc05a061d1566e31c2d25890126b205185a991,506
0xbe3418ae6d38a6b6927704600d258cd353a94215,2567
0x8be6f5ae314eda7c9c50afe08a39b7c697c26fa9,1915
0xbe3418ae6d38a6b6927704600d258cd353a94215,2568
0xa1b0716aa6dbf5d1e477e0e434c40758ad24670b,2194
0x5b48be7d03298038e702c62d67aa67fddd7ce427,1291
0xa5d981bc0bc57500ffedb2674c597f14a3cb68c1,2253
0x651f60ccff0e379c42527d9bebc85205ea604143,1396
0x1786bb30776eb910b06528ad72a0785dcd2d45c5,306
0x9b41717322e5a955b9032e3c94941f17ae268058,2120
0xbc21b9039541be4301fe1df415f60a9cff6a6134,2555
0x1786bb30776eb910b06528ad72a0785dcd2d45c5,305
0x7972bc68fab9b552963977077b4cde82da1722e0,1685
0x66461c8b9f0cc4875cbc06e199c1d6fd47e7d616,1411
0x1e5d13496de4a81225454afc9d0fa06f6bd97421,440
0x2debdf4427ccbcfdbc7f29d63964499a0ec184f6,663
0x2debdf4427ccbcfdbc7f29d63964499a0ec184f6,664
0xe01a97fc4607a388a41626d5e039fdecbfc6acd9,3015
0xe01a97fc4607a388a41626d5e039fdecbfc6acd9,3017
0xb593c7a4cf4b05908c8e95b944b1baef23824de3,2487
0xe01a97fc4607a388a41626d5e039fdecbfc6acd9,3018
0xe01a97fc4607a388a41626d5e039fdecbfc6acd9,3010
0x170c7029201eeace86b02d7fdd55118960ab98d4,297
0xe01a97fc4607a388a41626d5e039fdecbfc6acd9,3009
0xe01a97fc4607a388a41626d5e039fdecbfc6acd9,3008
0xe01a97fc4607a388a41626d5e039fdecbfc6acd9,3007
0xe01a97fc4607a388a41626d5e039fdecbfc6acd9,3014
0x19ff4e5b07c77f98daab52dda03859ba66066758,354
0xe01a97fc4607a388a41626d5e039fdecbfc6acd9,3016
0xe01a97fc4607a388a41626d5e039fdecbfc6acd9,3011
0x378626d16a9559ca1dee660f763bc1f600cf8314,782
0x80fe31d6d98e73fdb51ec9439e84e7d2e8ee93a7,1766
0xaacfbd63fcb0ff507fc55520d776e0e3a7a0ae2f,2316
0x80399f0ea2644839dc5f581fd3a021b0951a2fbc,1761
0x185f6a6e5e1663f5d336c7f5dff5b0e480787353,324
0x185f6a6e5e1663f5d336c7f5dff5b0e480787353,323
0xf235cd60bd5195239b8f5ed11c1442745b1be2bc,3241
0x0cfce92a7ec414ab86d87082b91e4f8dad9246f4,184
0x324455e3bf9a8b910f73f26e7af5c9a9110633d8,719
0x324455e3bf9a8b910f73f26e7af5c9a9110633d8,721
0xc37781df1f47b666904bc87440d6011bcf5ff290,2635
0x324455e3bf9a8b910f73f26e7af5c9a9110633d8,720
0xd965598eff88de44f65c3e6e5be186f43edda2d4,2928
0x3ec5d06071955c38d7a4fc438b485a27b6912484,850
0xb5f1cc7d11d5f285fc48298a87f7db5f77fd7c21,2493
0x3ae72034f05af89cc7249d05887a2c70d0c22b41,818
0x3ec5d06071955c38d7a4fc438b485a27b6912484,853
0x3ec5d06071955c38d7a4fc438b485a27b6912484,851
0xce37c7af937f9a40ee2bdc619055f72fb2cc6165,2769
0x3ae72034f05af89cc7249d05887a2c70d0c22b41,819
0xde541e8af625df10ee7a957aac2f5127fc18e4ce,2988
0x95bb3d04d4cd93de6e7409dbb5a9657d7f6995f5,2049
0xfe3a899e0de9791f5568c2fa614d909d80e81966,3373
0x6a3d9b9dbaf937fcb844bdf74c406d0da3183c1a,1462
0x23730a9f1799778dcd4abddb1b871973ee0aaedb,536
0xfe3a899e0de9791f5568c2fa614d909d80e81966,3374
0x277196a3fbd2673bae7dd309b69b84596fc78830,574
0xff32f458166ce4621c156e04bd136a833df5d529,3388
0x8a2cc795646f64c06eb4ab060f03271f13c080d1,1897
0x8a2cc795646f64c06eb4ab060f03271f13c080d1,1899
0x8a2cc795646f64c06eb4ab060f03271f13c080d1,1898
0x8a2cc795646f64c06eb4ab060f03271f13c080d1,1901
0x8a2cc795646f64c06eb4ab060f03271f13c080d1,1900
0x26a9cede7669085a6a4f99993bb359207503eae0,559
0x3713916c37483cae918c6aa0276d46dd44da5b33,775
0x231595e3673a10e846803194f4982e1cf3389161,527
0x7e86b2e9b9e6c0ee02b0200648d9fcf20557e3c5,1742
0x9f43628a4aac6c168266b9bbd9b5401fedf12a85,2170
0x81c1aa4bf93eca02292cb0dfa8d6d86d2fb3ba35,1779
0x294a50fb51738e235b8decdbf2f944606ab53540,614
0xfb5276e43cf103894946540b83a4e6842ba17a15,3334
0xcc7943452c4acbf04d5b044a513878702cd1fa7b,2746
0x6aab2defeae332a31e83e91633801c145770c36f,1473
0x309f4972ec0d2fd25c54c538b70168a18ca40d28,700
0x6be309c18fbe511b6f7883b04d184992310d2ada,1494
0x9c7c6b957f147a4f3d1606c323219fb992404f8f,2142
0xcf668974c7ad7ba94cd0dc463ee5ae8c77152e9b,2789
0x5746ddf4afb18da1cbf3fa26323c338b9bccbc02,1209
0x768859657bb4b0ab8f8a3e1b7743cf08f9683d35,1635
0x4d81568deae9bbb35792534f564ca6e45651f6ae,1093
0xa4a894c0c65f6b44a8c126068605e1b7a3b7068d,2231
0xf97666255bfbc2c5d0cea7ae17283e55e11d80b6,3311
0xccaf3df1bf81e6c96ccbad705ecd24d6c7e6065e,2756
0xd81510bb77f52d6e8462eaae1da9d6cb6b018307,2913
0xc758921302a979fd28f6dba6b95276c93e6ade07,2686
0x352bb0056474311d8b8f679fc790c3540b0dd149,759
0x45b1340c68925f0e5e789b281247a0c3939aeddf,957
0xd02f081bc25d9237f91577e37a5419d7e2fc03ed,2798
0xe10c327e9f87074dd4dd7b26ad64cea122b08fce,3033
0x453e6edd4d4a9d559e5a80402145de0ace1fd3b3,950
0x98269b71e80ffe0e958e87d5af2b55245ffca8cb,2072
0x387c96b40d555798fd57ddd0e6cffa4656dacf03,788
0x387c96b40d555798fd57ddd0e6cffa4656dacf03,789
0x18bc07f985ad46fe974e08422a361c1111f8851b,333
0xc9c3e7473d66ced8d01415a1013165da15b474dc,2717
0x24aeaea3c96c30834acef40d0bcf9c85bbf46d9e,545
0xc9c3e7473d66ced8d01415a1013165da15b474dc,2715
0x8aed2e786f1265db189dd0e088ea636675a92b4a,1910
0x6779541ee2d747813bdf5338902321b3c5756882,1419
0x6779541ee2d747813bdf5338902321b3c5756882,1418
0xd2e299b12cccac4476f1fb99f01a4d58005f891e,2838
0xd2e299b12cccac4476f1fb99f01a4d58005f891e,2839
0x57aa377b489bd2efd1b84182298d3ce5e2075c49,1217
0x57aa377b489bd2efd1b84182298d3ce5e2075c49,1216
0x15dd9b7043b2301a5e726dc8a66652b6c9acd54d,283
0x08987d499be8dde2ca777e8ca3af18f12bf89ca3,128
0x5054a3283e57cc1bd1109f596a0a5a31887d56fb,1126
0x5054a3283e57cc1bd1109f596a0a5a31887d56fb,1127
0x15dd9b7043b2301a5e726dc8a66652b6c9acd54d,284
0x6d34e64ad69fe16a2d55a4ab9db2c2b820b2e309,1527
0x6d34e64ad69fe16a2d55a4ab9db2c2b820b2e309,1526
0x8c056375f7f529692af8b9e100fa354a864a1710,1917
0x024d85556e4364d2d3fc71559c8cfcbb8ae5feb0,55
0xc708433eaad338e772c4a53eb4fc67c64776a604,2684
0xcfcf2ac76be25e1334b6b2e38800e8325ea17b39,2794
0xcb6d8c47b0e33d990962d66e43321427c52c0c9f,2736
0x203bc267a4657ae5ee774eb35cec32faa2c0bc1f,471
0xec14fb312150b60dd91f0bf10ac87cad8a6d47c0,3181
0xc5b41e722d845c3d80ba0ff0b9b1af9b15e63fb5,2670
0x203bc267a4657ae5ee774eb35cec32faa2c0bc1f,470
0x19fdf9e73b5681766de900d20dca4b6b43246b7c,347
0x19fdf9e73b5681766de900d20dca4b6b43246b7c,346
0x19fdf9e73b5681766de900d20dca4b6b43246b7c,352
0x19fdf9e73b5681766de900d20dca4b6b43246b7c,351
0x19fdf9e73b5681766de900d20dca4b6b43246b7c,348
0x19fdf9e73b5681766de900d20dca4b6b43246b7c,353
0xe6a5f1690fcda05d9ba0a663b6e7ddf3c97eb7b1,3114
0x08f01aaeeaf49c5aad6ab477e7e53fe038eb2525,130
0x08f01aaeeaf49c5aad6ab477e7e53fe038eb2525,132
0x723c52ea03683b79a2155c1573b8e618933005b4,1565
0x723c52ea03683b79a2155c1573b8e618933005b4,1566
0xbfde6377b6d4ac6094b21bbb5b776c3087f8c49b,2597
0x44a19463c22337cf80cd4edf4b2eeba94d900450,932
0xd1bbe793dc2a7c9f90f817c12bdde28fc3dd03bb,2822
0x97e7124bbce0baf75a7c4688b98a0c1ddfafb3f5,2071
0xfaafef35aa575fc0f72b88d5c40385b2380ffa56,3324
0x0a83cdc233b5e60a5d9219ad37c62e628d276f68,144
0x6e1510ed41ba743344e9ba80646194351cca0c7f,1535
0x66fda3fedafbbb1d25ded2d682ac1a978f5c246a,1414
0xb64bfe7572165a7e7c3f3e19bd637c6635bd0590,2499
0xf4b9fdb8452adfb44a8d52ba529287a08e1996e5,3268
0x7f54ad2ff488cd59530c8421e87d789676fb3c3c,1745
0xfcf532153ef0a395c923bf59f597971bd69536db,3352
0xfdfaf926836760f28de4eee2b360f30be7cbf866,3369
0x0c1543120bfc7e5715468db77893604679e99499,167
0x2589799ffe9bcc24166df0fc0be9f3da5dba6b73,554
0xb3997b4a47b6653e5547e7280ea3ab8f23e64d35,2445
0x914f089cee0fd8c0a43197bd39fe471577cbf9f6,1988
0xbed3b7f8c978550366d0bb28e8d3cfbcb32a604b,2577
0xdc298903380b91345315599ab9efc4e16f2295d1,2957
0x98f1bda2d45ffaca73fcf2154e9e007871e14934,2086
0x1a4370fdd7173d0a41ff7c63a8e0249479ba0225,361
0xb61ee1e9f6ee313bab15e91cf75d7446dc025767,2495
0xe1f764f7db94e767072e084224151c8a7d0a4e43,3046
0x0481ac68cc3cb70f71c537c9cc14a6ddc29881b1,96
0x0481ac68cc3cb70f71c537c9cc14a6ddc29881b1,92
0x0481ac68cc3cb70f71c537c9cc14a6ddc29881b1,93
0x6af0240a65833ab5220bc3685a9c94ee1dcc0642,1481
0x0481ac68cc3cb70f71c537c9cc14a6ddc29881b1,97
0x0481ac68cc3cb70f71c537c9cc14a6ddc29881b1,98
0x0481ac68cc3cb70f71c537c9cc14a6ddc29881b1,94
0x0481ac68cc3cb70f71c537c9cc14a6ddc29881b1,95
0x68dd28a6fea8b221c1bb3791e60992a950f5652d,1439
0x68dd28a6fea8b221c1bb3791e60992a950f5652d,1440
0xd1bbe793dc2a7c9f90f817c12bdde28fc3dd03bb,2821
0xaa57b93a08f86837ac148a4a76a7d99568fa9557,2304
0x44c71f69cd314c6220289e41fbbe880df6f1fae3,938
0xe614968a9d737eac3dfd8653501050c7e6cc1223,3106
0x2468c64fcbd1125a699c0b4c3c1eb69fb9ae8e92,541
0x2ed65eb5888cd73d74b9c847ffe4b801ee818720,679
0x125f248b1a276dca668fbe7beb21a7527628103f,244
0x7c86fb711078794c75c88c0a945121690365dc84,1721
0x5af5d005f956e448dab7f00430e6f6d6ea45209c,1285
0x5af5d005f956e448dab7f00430e6f6d6ea45209c,1283
0xe2f46db7c2ecc4829a166f4c5b0747ad8a3ffdc7,3063
0x05a99aa70a5670319eaa572c628c75903568f400,107
0x145a025d682a5429d65d20b85603273234776ae0,267
0x5af5d005f956e448dab7f00430e6f6d6ea45209c,1284
0xc59d4fa822c2a3c73f474fd4bd2672671205dd8e,2668
0x05a99aa70a5670319eaa572c628c75903568f400,108
0x5af5d005f956e448dab7f00430e6f6d6ea45209c,1287
0x96262d0b549f93ea262174d44b7256ce209bd561,2054
0xa67918f975735ac6c8288863c8742a40a869f37a,2257
0x5af5d005f956e448dab7f00430e6f6d6ea45209c,1286
0x9b76e81c08d2679fac3852cc5aff643e4fcb21cf,2124
0xca288359ba6319c7e7c7377a670183acb3781cda,2723
0x5bef1d2864254fa723083d2e6c85c984861fd7c1,1301
0x0b9ef309141bb050238d8a73d1fed0dec50a5405,151
0xf319aef8a1933a96c2fe8305480044a7b7422f2f,3249
0xcf354c795a3cd1dc000ed1cdb8b26e3b8eae2820,2788
0xfa3a6307178f2904f1b751590df8f37c2646db8a,3317
0xa1d724143f396ff69959afab6990618fbddecbcd,2195
0x7779756dc9f66a5f769f34bf0918d6c180783bd7,1649
0x7779756dc9f66a5f769f34bf0918d6c180783bd7,1651
0x689b395222a5e3eef17f2d1be82a7472b9bfde9e,1438
0x7779756dc9f66a5f769f34bf0918d6c180783bd7,1650
0x32f648e5377219b884dff4330cb8edc06f0b28f1,728
0x75262b8d46207855eeabddbc6b7ffbcfc964a1c5,1621
0x51d0e223d6281dadf17ac71ac0fe4ba303d3971a,1155
0x75262b8d46207855eeabddbc6b7ffbcfc964a1c5,1622
0x51d0e223d6281dadf17ac71ac0fe4ba303d3971a,1156
0x2df4bb79f757fa8eeb791da22fce54186b9fcfa3,666
0xff26d669bae4ef50c06b49e1df6eb03d54497be9,3387
0xc3f2b3f2215b59ace479adcdb51ce9ba031ea111,2641
0xd14542cbbb37603ec6b572ce44e0358eec6362cd,2809
0xe9a567610a8f4efc33cca1f319d62b76b804c5f1,3154
0xdecbb4aa1d4a8d83e9f5914fa2bafaa804973467,2993
0xdecbb4aa1d4a8d83e9f5914fa2bafaa804973467,2992
0x20335c504a4f0d8db934e9f77a67b55e6ae8e1e1,468
0x4d6aa3da789ea162a5978193bd584d3067227835,1091
0x20335c504a4f0d8db934e9f77a67b55e6ae8e1e1,467
0x542882b0b8a3e6057afd46c60b6b734b5f9fa5d8,1180
0x542882b0b8a3e6057afd46c60b6b734b5f9fa5d8,1179
0x20b7a044fab9b181c2b09c9f82f4339056c84112,476
0x89dcac9ea90440d79dd6596d75db9e13d21c47b1,1894
0xd7162a17f1875ad70639452fa275518ed89e4cd4,2902
0xd7162a17f1875ad70639452fa275518ed89e4cd4,2901
0xa87c9ab04781aae911a00573b3ea070f221f2858,2280
0xa87c9ab04781aae911a00573b3ea070f221f2858,2281
0x84d77e717ce1ab0178a47f1f5769581fdd3b3b59,1831
0xa87c9ab04781aae911a00573b3ea070f221f2858,2282
0x5429c397a1098fc06a4a97c53197a2719a339bc0,1181
0xc4269e6b56fdb79097f6b05c7dc7e0e0ddedbaa8,2647
0x88d13a459ed90c36063489ed4b581ab61d965163,1873
0xa8adcb322aff222c7f9a0485d40324dbf02d3c1c,2289
0x3829b7517f047df57ff39f3b487c4dda5642a3c5,787
0x652c89a993d3229530a8e67e0cd4c1ce49395f08,1398
0x652c89a993d3229530a8e67e0cd4c1ce49395f08,1397
0x53a0ef064d77cc26175b8750b6777462231783b1,1174
0x33cf6880b1238a2fad61a325a78c79bc496552a5,741
0x9116729bb16b97467656c63e1578364de2798e22,1984
0x6153a4fa4d2bf7afce63d8fd9bc08e9306c2d55d,1348
0x202c8bb8b4bc2f5705eb0cb67a3281051017069a,466
0x202c8bb8b4bc2f5705eb0cb67a3281051017069a,465
0x9ed2ea19de3ce1e3cd47ab56cb9027b12cfe53e3,2166
0xa42098ea9ba9296a80a49c11e22a66c07a5e8212,2223
0xf124b4adbdd7fb1ba52df4bf75d2a49e6ed1bf3a,3220
0xfb628e0ca6857c2db4014c00ac1efd5fc991a1fd,3335
0x19a7aa4e54bced0f73aef5ffb4d8f96d2dc54e42,340
0xd024c44054e7790a7916d9c95628f565625d31b8,2797
0xc273c7f112ffb3c9029adcfcafb2f8342bea27da,2625
0x84569cfadb2ddc127cf01ea284f5841e6213eb2b,1814
0x3f546287b708fbc18c899d9257a68b1aee0943ae,873
0xf63bc49dcf9543c7a81d50c342eb8f0803fa8843,3288
0x8e166ebb2dc4686640bc70e47fdea1d2615cc443,1940
0x7869bb3ead6502c291a7cbd0183a3dd83612470c,1662
0x7869bb3ead6502c291a7cbd0183a3dd83612470c,1663
0x36fb3f7bfc472230d1f0088cd70e74caaa49b61f,774
0x21b98781433bf761689cfb83d3e2c9bde7290b37,501
0x21b98781433bf761689cfb83d3e2c9bde7290b37,502
0x18f12582dd74b9b75d0e05e507261f2fa6e93d20,336
0x16f627971b10c0de197db3396ff3a73567bc32ce,294
0xe9f108e8bc05f544e31eedc095c3f4179b4b142b,3158
0x3bdd16e51e1ceeeb40c808af98184b65cbd89f2c,826
0x1c5a07873ced8aba65c0816817424656b87296f6,399
0x29d451fc0edd07dd6a845ed5ab3403981609caf1,625
0x7df49d6419d0285e36dd333f1d203ebc439a2ee9,1738
0x6bad7a9cc04871d133291d418b28e35569ad56f4,1491
0x0ece90ef4a12273e9c2c06e7c86075d021db5a6a,211
0x222f6df5b750eb55234da53d370bb2e8f5a1651d,513
0x4d4803722142afc24a469729bf10fd88414f0f65,1090
0xe7cd22e1c39b77cab1f5057f04d5ea7a476adaaf,3125
0xc4f9ed95b6b13f0119b139c3a9996e87d9ca42d1,2661
0x79838d72cb267506896561c2bbfddd281c27574a,1688
0x0d10ee6c29bbb156a3b6b3765f90f5600a9a16a0,185
0xc9ddd6d3e0cbad24eba6b2a4f12900172c187c42,2718
0x9e0499ea95f104914a1e1c51e2124e8b58652051,2157
0x37cb7074687339d44f3952c3bdc7e03ddb8b7831,783
0xac94a9dcec50416a29cc8fc67a995cfd8c848abe,2344
0x9e0499ea95f104914a1e1c51e2124e8b58652051,2158
0x0d10ee6c29bbb156a3b6b3765f90f5600a9a16a0,186
0x8d3559ab31cd39daffd0a3b0923c4db3f937d22b,1928
0x88a05357ec21baad31a5ec3fa17be65d47b58d5e,1869
0x2871de63fcc37d0be35ae43b53817737442e936c,594
0x9b8b24e3d406627984eb3782f358ac00431bd93a,2127
0x2871de63fcc37d0be35ae43b53817737442e936c,605
0x40ee80f4b97d2012fc25b19f8108ce4306ad529e,886
0x2871de63fcc37d0be35ae43b53817737442e936c,597
0x75c86cfe07e653c7ca91d0f7e676b2103bb2e76a,1627
0x2871de63fcc37d0be35ae43b53817737442e936c,598
0x5288e80f9bf02911000b28f099f058961075344d,1161
0x2871de63fcc37d0be35ae43b53817737442e936c,604
0x2871de63fcc37d0be35ae43b53817737442e936c,601
0x2871de63fcc37d0be35ae43b53817737442e936c,600
0x2871de63fcc37d0be35ae43b53817737442e936c,602
0x9b8b24e3d406627984eb3782f358ac00431bd93a,2129
0x6b7770fb6e6cf402f8c8bbbd866f4680a250bd20,1490
0x2871de63fcc37d0be35ae43b53817737442e936c,607
0x1fa87ef5ec6d2f4b8aba0027864bf70baaba60a6,462
0x2871de63fcc37d0be35ae43b53817737442e936c,599
0x67ceae082577edafde61f2546105de7a87d31cb4,1422
0x10b89c55b5c1f54f8042bda54c217289f148e1e6,220
0x9b8b24e3d406627984eb3782f358ac00431bd93a,2126
0x73aed0d15f11e8aa99d1c4a486af3f1e0aec5370,1596
0xea453d78ea24e236dabebb8781a70ccee84cd539,3161
0x2871de63fcc37d0be35ae43b53817737442e936c,606
0x9b8b24e3d406627984eb3782f358ac00431bd93a,2128
0x2871de63fcc37d0be35ae43b53817737442e936c,595
0x2871de63fcc37d0be35ae43b53817737442e936c,603
0x5288e80f9bf02911000b28f099f058961075344d,1162
0xbe190ce184ac2f1b829208a2f6ee191ed2222cc4,2565
0x9aa89097e3ad8f44458e779dcb9bef3bd04612f0,2108
0x5bb3ec9440ce96e8e656aff2caaf2901c2a3a722,1297
0x92455092cdeeafca0446a7be63f36ba35436014f,2005
0x116acd1e1b45806f20c0b7c30969990520408bce,234
0xc0b99f0578afd9adb818eaeadcbf02b392852fdd,2606
0xce4c497b87e239fc20385f759fa69fab3abcb37b,2773
0xbaf0ce3ed7888ab21e028ca421664f7b6c8a3eb2,2542
0x78ff140749e4d6d10619f076de266b6aad6f4225,1678
0x6cbf24656b0a52432dfdb48ac5f62b48da82e6f1,1522
0x92455092cdeeafca0446a7be63f36ba35436014f,2004
0x5bb3ec9440ce96e8e656aff2caaf2901c2a3a722,1296
0x05aae075a3a989b202a2156091169df5f8ad05e0,109
0x6965dfe01e427fe7fe43ee7fc4557bd669f1944a,1450
0x0066b808deeb475ddac56cfe3ef148d003b60bba,32
0x4d207177677fb1128281a54fad993d3736c7f02a,1077
0x4d207177677fb1128281a54fad993d3736c7f02a,1081
0xacca5fc913a41dbf6a0096eef9a75b4a677e0f13,2346
0x4d207177677fb1128281a54fad993d3736c7f02a,1080
0x4d207177677fb1128281a54fad993d3736c7f02a,1079
0xacca5fc913a41dbf6a0096eef9a75b4a677e0f13,2347
0x4d207177677fb1128281a54fad993d3736c7f02a,1078
0x3ba41a9e97f80fec64ed68819faf12dcc6dff576,825
0x1efdca9042ad2ffbc0c2024ac91df43dac124aeb,448
0x4f6580083b3395c8d7ba49dbb2aaf03c9b3b8e79,1114
0x5e451b2d167c2a8faf0a8b23cff27996a28f28bc,1317
0x27d1cd941f2489beef86ca338eb1edaab6a1edbc,586
0x27d1cd941f2489beef86ca338eb1edaab6a1edbc,587
0x27d1cd941f2489beef86ca338eb1edaab6a1edbc,584
0x7ce00fc4b62cf6be9594f263f6df2629d30cc285,1726
0x9c0e3ce3643a1945609e654d86e5c5001b0b9f39,2133
0xeb3196e59d89bd9f213c0d46d8b388ef39367a28,3171
0x7ce00fc4b62cf6be9594f263f6df2629d30cc285,1725
0x10e781707782e2adba7131be71beacc6047faa42,223
0xdb0f38f13038a9d4c97aa5d113ee3414621644f2,2944
0x27d1cd941f2489beef86ca338eb1edaab6a1edbc,583
0xd733e001d697c9bc4c785513ade4d809c0c53713,2904
0x10e781707782e2adba7131be71beacc6047faa42,224
0xad485752d0aa81a18e79b4614b501f77e1c13e55,2360
0xad485752d0aa81a18e79b4614b501f77e1c13e55,2359
0x9c0e3ce3643a1945609e654d86e5c5001b0b9f39,2134
0xee6b47ce06976c9d29787e2b9f2802717117955c,3204
0x1a35e29387b6e7573bfbc8067dea886792a25102,359
0x5a517991100fe1b1a813729b958124932a96ff32,1273
0xa6d29522f0df66e945c41a1a037a7141453aa6a9,2260
0xc8b850163463c5d83de49df8408ef1d886d26197,2707
0x73b4736a84a3061e0a8cd88c304afb7e4db93eb4,1597
0x5986347c1d0133d02d307f08bb1efd44c2eb89d9,1246
0xe9ed03f7aa308a310d3d022b8e1316e02aba6053,3157
0x9d928f3df4a79ba2e05c55b63d3e933974195039,2147
0xbe2671fbac1b83c5e69978a5fac9e97545008439,2566
0x4b37c9a6670b58fa7fe5ca6ea4d56c7e9d1bc245,1055
0x02e5b4fab94800b8c61585df86f8ee6924d1ea5e,59
0x1a359202bfff428f17b021426d20aa01a625c071,358
0x4b37c9a6670b58fa7fe5ca6ea4d56c7e9d1bc245,1054
0x0122b7176c1b1c055e5bcd639c94feabea7c7062,41
0x3caeac7ff83b19f4d14c02cda879c4740b4f0378,832
0x02e5b4fab94800b8c61585df86f8ee6924d1ea5e,58
0xe6372b47879718e22ad5aef98482b6c028e55b3b,3107
0xcc23ccbdde4268ee350c2bba8c2ae5f5a0eb8920,2742
0x4592d05e60da30f23ccc7877cde213632486773a,956
0xb30ac6ae39c932c9fd00866ecce999651de297ed,2437
0xb85ae6c9398f5730d954b82b2a6e0eb61bd50e8d,2526
0xb85ae6c9398f5730d954b82b2a6e0eb61bd50e8d,2524
0xb85ae6c9398f5730d954b82b2a6e0eb61bd50e8d,2525
0xa3931450d2ccea8e9eee529391c1046e76010ca3,2216
0xab10c9881ad4280d541a9a898279ca598f6ab882,2323
0xcc23ccbdde4268ee350c2bba8c2ae5f5a0eb8920,2739
0xfec796c1b664062565a749a367aa4a521bec7417,3383
0xbf82cee826b5f0d93d8d9110df67210028c480bb,2588
0xcc23ccbdde4268ee350c2bba8c2ae5f5a0eb8920,2740
0xa9ffa6b04565e9ef06271ae636cecf466d637201,2299
0x0396e41347f6a8ca45b4a3efa82c436786dd44b5,76
0xd162e576bc257c899db573497b08b85862282141,2813
0x2a4d21a61117a5d7038b9c4beea471effd02acb4,630
0x31004f28babda1f632cb445944892b04a411e7f7,704
0x96bbb17d4f9893d58d7c9d750a7f233dc15de419,2062
0x31004f28babda1f632cb445944892b04a411e7f7,705
0x1de7d6b5f70fc0e716060d23f87d035aa9df5a15,438
0x5328cd117d42fbeb105794b5cd994df420065462,1169
0x62be43c314f05de97856776180a8042447beed6e,1366
0xb0a0ffde1ad2e6cdcd9d58e5931cd1d307686054,2418
0x6b01db53037ebfa83cd4d85c1e339fa2ecc609f3,1484
0x56c5cca29704a395d89656aa9c7a83c415113a89,1202
0xd068e715b67475766cbda68aa514589b92ff2d1c,2800
0xd068e715b67475766cbda68aa514589b92ff2d1c,2801
0xa411ba6d7eba00f1f1bca68bc8a43124a272890c,2221
0x19cf388796c31fa7a583270d82659ecd2b4fd490,343
0x69e3b90acad8ef5a40576a122d963b46a62f6939,1454
0x69e3b90acad8ef5a40576a122d963b46a62f6939,1453
0x69e3b90acad8ef5a40576a122d963b46a62f6939,1455
0xff3553248cf2d53cc7d05aa5517a9db64eaf56e5,3389
0x40f3cefa825a31fc84c9ae91c07b68d96cbbad3f,888
0x40f3cefa825a31fc84c9ae91c07b68d96cbbad3f,887
0xae735d5fcf551bf102a74d9cb4cbf450d4ae6e5c,2389
0xae735d5fcf551bf102a74d9cb4cbf450d4ae6e5c,2388
0xa79db9845d9ec3b40681594e3e8fbe72778f1ea1,2270
0x7a6a9596af512a7e5b1ef331a70015cd3defa1f2,1699
0xa75b7c9781dd52298b3aa4c238a7fe84be90cbdf,2266
0xa75b7c9781dd52298b3aa4c238a7fe84be90cbdf,2267
0xfd1af406dacff24a23515d7b620deb162c8b07c0,3353
0x9b36cf890e350d4330f4e863bd2f20cec70aa66a,2115
0x98e0a6bd849dc565f892c6e5898777a7999dde64,2083
0x52a418467974b57f6cd8819d5477b13c9803e16d,1163
0xdd2fbcf5052fbdc9e21b13c43b0e4413406c6e62,2975
0x0dc76a67650d093d4ae80728b28ea681acbbcb94,197
0x50c85c55bf4308e52d47463b8a2be04472482325,1133
0x5ef082f4897430987db4f182fafdfd7a442b064c,1324
0xace3898b6e111f8154234e22d248cc3165cee849,2351
0x4591b2168dda6acc31b8dea83d039b213e4cd34d,955
0x936def51633a2213c4b6fbb0475bfc2e0cf2fe80,2015
0x4591b2168dda6acc31b8dea83d039b213e4cd34d,954
0xdc401b3f47e4c4d4b496b2b07257259f46b33efd,2962
0x4922e9c9d3cdcbe0ba272499ef025192da0c5d7a,1029
0xdc401b3f47e4c4d4b496b2b07257259f46b33efd,2963
0x4922e9c9d3cdcbe0ba272499ef025192da0c5d7a,1028
0xb46eb0ce2b13aef60a44984cef80aadf63deba24,2479
0x3e0fef63fdbe25f31366c49e8fe7b3be795f7391,840
0x517d29d96e7f879f718b8c78861b1f56b5d0185a,1143
0xc45b7099791991844d63bbe183175ffb32cad2e0,2652
0x3e0fef63fdbe25f31366c49e8fe7b3be795f7391,841
0xaf3709c0da9a9a86c74b180280c929f812a8bb8f,2393
0xb3c4f3f25d7520bc23fb9d5d1aefcb4d59fd269a,2449
0xee343f2c55dc97a1a23f3ae5eb4ca78f0ec6f57e,3200
0xee343f2c55dc97a1a23f3ae5eb4ca78f0ec6f57e,3201
0xecefca24ee3298ae56fdc7ff0e6e04ded81e56fa,3191
0x0c520a37648052812c80081ab3b306b9a53f129e,175
0x0c520a37648052812c80081ab3b306b9a53f129e,178
0x0acee96dde1804d152273f9a9b7d884f1901837b,147
0x0c520a37648052812c80081ab3b306b9a53f129e,177
0x0c520a37648052812c80081ab3b306b9a53f129e,173
0x0c520a37648052812c80081ab3b306b9a53f129e,172
0x0365c09c94622d678220d435ae6dbc12984a8792,69
0x0c520a37648052812c80081ab3b306b9a53f129e,174
0x0c520a37648052812c80081ab3b306b9a53f129e,176
0x0c520a37648052812c80081ab3b306b9a53f129e,171
0x5166326d7e94b211d3071487a01bbf5e90572eef,1140
0xe81457fa987b0a95568adb486c3881187e01998a,3130
0x54ad7b205dc19d1013a0891096bc1c260a75465e,1183
0x60222fe8d13d89bee00a5ecb3694ed36df0c85e8,1342
0x60222fe8d13d89bee00a5ecb3694ed36df0c85e8,1341
0x65ad94bb30fb9949f20a02f641d118d20866b706,1402
0x2b885403628118cfa5df6df3185c3ee6edb37965,648
0x064db6d28b63379d3756b543b92be8248a7c9f76,114
0x65ad94bb30fb9949f20a02f641d118d20866b706,1403
0xa8be251884c363d2c918cdf93522129a2dfa47d5,2290
0x064db6d28b63379d3756b543b92be8248a7c9f76,115
0x60222fe8d13d89bee00a5ecb3694ed36df0c85e8,1340
0xcddcbd9c2665a71cd4cf5d1fac0740bf7643f260,2765
0x400a79c5fd11d985465eb511754c42269b6571a7,878
0xf6c762d6edc268e644e6629cc1e5381885ede851,3297
0xf6c762d6edc268e644e6629cc1e5381885ede851,3294
0xe31ca893b9e7d221eec832416372a851ba5b0071,3065
0x400a79c5fd11d985465eb511754c42269b6571a7,875
0xf6c762d6edc268e644e6629cc1e5381885ede851,3295
0xf6c762d6edc268e644e6629cc1e5381885ede851,3296
0xe31ca893b9e7d221eec832416372a851ba5b0071,3064
0x400a79c5fd11d985465eb511754c42269b6571a7,876
0x7bcdc42761619c8d2df83a5ce6719c9323ede093,1712
0x8854b06ba346a703a3c043e2e7b8822db3ca6b3a,1863
0x8847f12cd866726268625f6c062b727d87ef8e9f,1861
0x2ffdf8590686d8eef258e21f51167bbf6a648b0f,693
0x693ca9eb69be3610436a67ce29c05cea02fed7fe,1449
0x09dc9dcb73050400ef07e195cfcb78874c91c22c,139
0x85184cb128b27113d9a5f61db1a1590b9d7e286f,1834
0x91b49b932dd4b88523a390de9c4b964d463376a0,1997
0x6a9900bb0a0e35c4de017f58ae29e066d9cd4f1c,1467
0x6a9900bb0a0e35c4de017f58ae29e066d9cd4f1c,1468
0x6a9900bb0a0e35c4de017f58ae29e066d9cd4f1c,1466
0x1b13a021a1c2bd1505701fcc1ce90fe803b1d2b7,385
0x848d93c1da1dbe8afa8635a6e9fc17f0b01732ec,1817
0x848d93c1da1dbe8afa8635a6e9fc17f0b01732ec,1816
0x848d93c1da1dbe8afa8635a6e9fc17f0b01732ec,1820
0x3e2b29f0be250e7aef905f5744402a17ca5d6d89,845
0x891720f7a628a92a90980769f03ac47484b987dd,1880
0x848d93c1da1dbe8afa8635a6e9fc17f0b01732ec,1818
0x848d93c1da1dbe8afa8635a6e9fc17f0b01732ec,1822
0xa4b0679f66b072ab8bac48063f07a4f98be7d314,2242
0xa4b0679f66b072ab8bac48063f07a4f98be7d314,2244
0x7636d9161a49ac176043fa9ecfe4eb86c6f4e842,1630
0x848d93c1da1dbe8afa8635a6e9fc17f0b01732ec,1819
0x848d93c1da1dbe8afa8635a6e9fc17f0b01732ec,1823
0xd36e7930cd6ec24b5b711ddd721aba8c5be41c1b,2843
0x848d93c1da1dbe8afa8635a6e9fc17f0b01732ec,1821
0x3273aa27cfc3b4d1626a7db54e524b873dbdd96b,723
0xd49e3d138a1263c4422a4a0955e93bc499c4c4f0,2864
0xffa02a34dfe0137a8ebc1424ef3de1c580fe8825,3394
0x502f03ae267404d03686fa2061cb08469369e4a8,1124
0x2220e36e61918181e4697804e4e9bdc596713d84,510
0x6860d457124613765a81a57a5853f467abf2d8fd,1435
0xaa598237b9a32592a228ad828874027af2246518,2305
0x6860d457124613765a81a57a5853f467abf2d8fd,1434
0x2220e36e61918181e4697804e4e9bdc596713d84,511
0x504d1df096b1b19e8d29f08fcc231df6ede9d545,1125
0x2220e36e61918181e4697804e4e9bdc596713d84,509
0x77878676bcf7e58678a489ac73cfe983e7266fd8,1652
0x150809095ccead17ef6d34ae8b02d8ec1b5a4f96,273
0x98f74000e47c61a5d6c7c4d8436942b2a3da0d82,2087
0x77878676bcf7e58678a489ac73cfe983e7266fd8,1653
0x213594d974427e8c1bf4f4f557b7b6f4987c50c5,487
0x74fb6c75203c1aeeed4e7483a588da73b1d083c1,1619
0x5cafc2f8dc44f4515cce7fa3e25103fbaa21d7db,1305
0x213594d974427e8c1bf4f4f557b7b6f4987c50c5,486
0x213594d974427e8c1bf4f4f557b7b6f4987c50c5,492
0xf184be294c6e51f292d8d704695c60eafec3d975,3235
0x628d7c45305d073cbd0f1dc587673b83df35d90b,1364
0x32982ae870dde440db7eb6f440e2c3912fbbd74d,725
0x3188990251ad1c0e54a3827dd457cdde2585d822,711
0x3188990251ad1c0e54a3827dd457cdde2585d822,712
0xb928ff41c0735a0d524ab44262a3b481eeeb0b1a,2531
0x3188990251ad1c0e54a3827dd457cdde2585d822,710
0x1a2ce0ea70d8f26435350e91cf46eb3278c7bb59,357
0x8491f335672ff3ebcd0b3f2ad237849e6127c34d,1825
0x732f491b4f4240717ea43fb9a89689b9e160fe17,1586
0x44fa3484996dfb6ffc31e90794bd566966d042c3,948
0x3f1eec07438d8266dd5198e5a3501a7d0a6156f4,870
0xd19c680c8386ab438fa6dfa87e221ab3636f49ed,2820
0x9b0c19000a8631c1f555bb365bde308384e4f2ff,2112
0x7bd819a293cbab645eaad9563537c05cf7eb3481,1713
0x6454acfa81b7020c2b932926275c54527dce4cef,1379
0xd6f28bd94d1edefdf8fde8f6f10094fef7e590c0,2891
0x9b0c19000a8631c1f555bb365bde308384e4f2ff,2111
0xe1d0c20380bdc7a03d3cd89e53d29a46bb430455,3045
0x3f485b7df84ff69eca1e72b39be667363b912a7f,871
0xe830516d71258b39257a7169b37ce5e6ccee1b00,3131
0x898ac56754f81a2368f91fc80b4db96fa2f3afba,1884
0x898ac56754f81a2368f91fc80b4db96fa2f3afba,1883
0xd9dcc3e5f57952534e359f094abf29610e59097a,2931
0xe758d021a2bc642c81ee3358f739367a67ad271f,3121
0xd9dcc3e5f57952534e359f094abf29610e59097a,2932
0xaa64e9f1b53d8b1fa463b04b800dce910f904320,2306
0xde8d35173ab72f2314d304cdae5f6577955ea22d,2989
0x39b6a9ca016d7b17b21468b82513488581d7befa,803
0x8f79a9da9032d6ff29dcf185043ad28e0761d2b0,1964
0x8f79a9da9032d6ff29dcf185043ad28e0761d2b0,1962
0x8f79a9da9032d6ff29dcf185043ad28e0761d2b0,1963
0x50bfa27584dfe57d21c7f1636c5f88da2c5ff3a1,1130
0x47d9c5c1ad4551706f8cc9c2a2e59cbc55345696,994
0x50bfa27584dfe57d21c7f1636c5f88da2c5ff3a1,1129
0xc8cde7eb1a9ee36f8f760dd308ca94f6c6fb88ab,2711
0xdb69e3f4f8b8122f540aa599cb55f18868cb38a3,2950
0x0e8daa17e7c3bf0f9067861370a977fc76b0a5fa,206
0x50bfa27584dfe57d21c7f1636c5f88da2c5ff3a1,1131
0x4cada5b96384d3acb3207eb2d97ab6263af50016,1072
0x7864c2eb47383a5cf28b08f328d5c99a136d334e,1661
0x1acdc2285d7e211bdab1bcb8a5020b41d60a51f4,367
0x3eef4866f1fc4e668531eec2dfa41f2d2923285a,865
0xcc88a9ed771f44ac51c5963efb303aa6eae707d9,2747
0x2b2c869539188c28c202d086fe99c554493f72dd,644
0x3eef4866f1fc4e668531eec2dfa41f2d2923285a,864
0xc8bad5520643067d1c313a94749ac0199a16a384,2709
0x4ef27b561587555a3203578f878fa8479af6a7b2,1107
0x22ad49d3e1f81a2a626e2df64fbdabe1536cab07,520
0x77cb5b42d4f3969f9968e94d33e5fc54471ea1b3,1654
0xc3c71eac263d8a54f8cda2374ac860d3802fbd03,2638
0xe45f63382deef5cb759680f788d1448c3d022263,3082
0x053f4ab1ec5a48c7003fd8a11ffd01769ac2de05,105
0xc3c71eac263d8a54f8cda2374ac860d3802fbd03,2639
0x053f4ab1ec5a48c7003fd8a11ffd01769ac2de05,104
0xd2c519dfaae9f3d96ff6629ba0ba10a2f76cf35d,2837
0x96a0627f560f68d5cf5e5429a713789cc098709c,2060
0xc146f11ecc7cd059218fdfe7ebc440c59addba9c,2613
0xf653783eae5972302ccc16ceed96d3b70539bd5b,3290
0x80a0029e63b7e77ca049be2c316ae8442563528f,1764
0x424f07974dcdf287b5505fe156b540168fa984a2,903
0x424f07974dcdf287b5505fe156b540168fa984a2,902
0x584494927d8ec0950da99feae0e2d902668f3cc5,1221
0x1ef39974aca60f8061848883014c1fba8e36bb71,446
0x8fda7a9d488102b9e040d6b7ca9a30c1d9858050,1971
0xc236c0c8f4d8aacebb7e5c11175b1d2d6e02444a,2619
0x1ef39974aca60f8061848883014c1fba8e36bb71,445
0xe44496d9875b9ac0c1361b7c318cd0f7f27ccdf9,3081
0x244090493527604c8fc4bd455ba24adf568a840c,540
0x6d2d9002de9cf7c81c7e77fdf3e6457f29faf405,1524
0xe4fc4c508630b5698275174ad7600aee277c92f4,3087
0x8b7ad96a7b57580b424f9845ea949995b01a08a9,1914
0x231a2fffaed903902933a9b6aec826aaf7ae4cba,528
0x49075458830830ae9b99c6c2dd381137df11d101,1023
0x330607b513276d63440ab4eed09342ee01c7d3b7,729
0x9c29fe578e4f8dd4dbb01aeefc80d39a9afd7c9d,2139
0x91041fb738c4763a81bf3aa41a3bcc9e716e95e8,1983
0xe96ba1a10f72b58934b9ac0e3fb471d2ba65b757,3149
0x753c3d7efc5d3849620390b188a69847da5aa11a,1623
0x330607b513276d63440ab4eed09342ee01c7d3b7,730
0xb120c29049780f8bd5225edaa37f22d3352b641a,2425
0x49075458830830ae9b99c6c2dd381137df11d101,1022
0xe96ba1a10f72b58934b9ac0e3fb471d2ba65b757,3148
0xe96ba1a10f72b58934b9ac0e3fb471d2ba65b757,3147
0x9c29fe578e4f8dd4dbb01aeefc80d39a9afd7c9d,2138
0xb120c29049780f8bd5225edaa37f22d3352b641a,2424
0x330607b513276d63440ab4eed09342ee01c7d3b7,731
0xd698496b909bcca575954e13ccee782c01548f56,2889
0x8dbc8cde8090dab72f4b2eeab8f7ffc524709c02,1934
0x6fcfcfaf0fadeba215776eb8a0e11a65f4f42a2b,1549
0xb120c29049780f8bd5225edaa37f22d3352b641a,2423
0xed206d089f791a1411228bf0daf9621662af340c,3194
0x1aae1bc09e1785c8cb00650db0c6015bd73b0c7e,366
0x4234d0d5b998cd7a763612d0f5e154f0b1d470bb,900
0x63e0e8a3a9c59141843cc26e5433507b8a835999,1376
0xbff231712560ae7a8773a3969f247ba85359664d,2599
0xb6f1c2ae8a3148953046f95b441c0056a826f03e,2505
0xdc6f8d916e9c4b18e328cca07d1434a3a9b46476,2968
0xbff231712560ae7a8773a3969f247ba85359664d,2601
0x918928695b9bc4750a0975e4a1b6cbdfcdf839ff,1992
0x9fac985001d0d38079e9c6e264407ecb45a919dd,2177
0x75f59c3f1935805a2ac6c93434b8e78b4bb7edfd,1628
0x1f5d77f8ad8b15eb963c2c65d0d295104ea63335,454
0x4fbdefb61294f73b56bcf48ffe4b14b35b4077da,1119
0x9fe13c659d7a39b11cf4262c93d5e5f8c91e51c1,2180
0x6f681a75b2625c3407a414e3dfeeeaf87f1328be,1545
0x7772881a615cd2d326ebe0475a78f9d2963074b7,1640
0x9187804eed28934cc59049297162554a592e96f0,1991
0x4fbdefb61294f73b56bcf48ffe4b14b35b4077da,1120
0x64d3008286668caead1a83368da69beee7087f4d,1385
0xe08a8501e2c330d3b0f14aa7ce9afd4f68a52108,3023
0x1f5d77f8ad8b15eb963c2c65d0d295104ea63335,452
0x9fe13c659d7a39b11cf4262c93d5e5f8c91e51c1,2183
0x64d3008286668caead1a83368da69beee7087f4d,1391
0xa06d844e4ac576286a5dbd115fa440fadcbc7016,2185
0xd46f8a65a3b72bf407ad4c7ac6028af1120360f6,2862
0x4d29b7f953ba471fb650fc5842127b05e35949b5,1085
0x83c9cbdf1893a7d0bba05bf54db59efb1aa9988d,1810
0x64d3008286668caead1a83368da69beee7087f4d,1392
0x7772881a615cd2d326ebe0475a78f9d2963074b7,1648
0x7772881a615cd2d326ebe0475a78f9d2963074b7,1641
0x8dbc8cde8090dab72f4b2eeab8f7ffc524709c02,1936
0x7772881a615cd2d326ebe0475a78f9d2963074b7,1646
0x1aae1bc09e1785c8cb00650db0c6015bd73b0c7e,365
0x7772881a615cd2d326ebe0475a78f9d2963074b7,1643
0x7772881a615cd2d326ebe0475a78f9d2963074b7,1644
0xb6f1c2ae8a3148953046f95b441c0056a826f03e,2504
0x98c6d2b6627b0388e15690381708961fc4f5a4ab,2082
0x6872e67508570b68c5ef8ba332e677dd4480570e,1436
0x7772881a615cd2d326ebe0475a78f9d2963074b7,1642
0x64d3008286668caead1a83368da69beee7087f4d,1384
0x58df814ee01dbd0da41893e7c64b6157273d6cbd,1235
0x7f5f137e394029ab96ef4cc11fd37260148eb97c,1746
0x64d3008286668caead1a83368da69beee7087f4d,1387
0x4d29b7f953ba471fb650fc5842127b05e35949b5,1083
0x1f5d77f8ad8b15eb963c2c65d0d295104ea63335,451
0x6f681a75b2625c3407a414e3dfeeeaf87f1328be,1544
0x3310fd13c6c55f054cc128439e1e51cd0cb16fed,732
0x475ee7394fac67fa27de99cd1e4f8a0a1df66c27,981
0x9fe13c659d7a39b11cf4262c93d5e5f8c91e51c1,2182
0x8c77fc46bac2649b55788c2f1657cabc32ce7aaf,1921
0x64d3008286668caead1a83368da69beee7087f4d,1388
0x1f5d77f8ad8b15eb963c2c65d0d295104ea63335,453
0x7772881a615cd2d326ebe0475a78f9d2963074b7,1647
0x59d38ed7d4412ecd3e2117a4fad53a1edfbad8c1,1252
0x7772881a615cd2d326ebe0475a78f9d2963074b7,1639
0x4d29b7f953ba471fb650fc5842127b05e35949b5,1086
0x64d3008286668caead1a83368da69beee7087f4d,1386
0x679cfa1713a2a4b873a8c4c168c9a3770d4f30a4,1421
0x6f681a75b2625c3407a414e3dfeeeaf87f1328be,1546
0x6f681a75b2625c3407a414e3dfeeeaf87f1328be,1543
0x53709a684da6cd5ecfafb7d3da39065c9ea0209d,1173
0xb8427dcc33ec47332583879efd85c0de00583120,2520
0x64d3008286668caead1a83368da69beee7087f4d,1389
0x55692c7126baeb6d401170bca86398dff4bb45e6,1190
0x61c5fa0c1bed50eab527e69608d1da11bd4d1bf3,1349
0xd80dd4ddefa362f992d95b8456e7021701368345,2911
0xbf46b318a65bc213eb8e5ef4ea02590f82fd92b2,2584
0xaad33f2a669b969ca0853795468177afc7ed6ebe,2318
0x176068bdeab52bd32573b0972a6e00aaeca54a7e,301
0x015010fc83f429f08929aab7eacb48b277f60f03,42
0xac99f950c90b5b8ebed32706dfc19c662e7a5888,2345
0x03c10e610801b45519b5cd22dcdcf6516de27405,80
0x02943529d1e692e3281c77f37af56972b09e1498,56
0x7772881a615cd2d326ebe0475a78f9d2963074b7,1645
0x8dbc8cde8090dab72f4b2eeab8f7ffc524709c02,1935
0xbff231712560ae7a8773a3969f247ba85359664d,2600
0x83025ac4588b3033119925f1902934ad7dcd7461,1791
0x8efc355c968fa0a66ae709af37ce14c23dac4f65,1955
0x749fee22929ffb4d9be21fbeef05ed076a94e68f,1615
0xc5d51eb64a131ee178885892a378c25c13d7f0fd,2672
0x2de55ccfbf37e76e536934e1c5b7164b12792c4d,661
0x9c5fba6c468ed266ea3e169fa3e0e3fad1e4f12a,2140
0x4a8b9fa6b245a34e587dc9a9afbc395907446e4c,1041
0x8139ce54d1021329ac74d61258331088a4e31677,1770
0x047064a07eae3511751eaa688c7bda6ec494c99e,88
0x20ea11487fe97ba541663f4162938750e278a4ea,482
0xa647a51a1af1ccae559f3ea0addbf2a42285a3b1,2254
0x1770c692db5f54a642f7f0b96541e92f37fd7454,302
0x3356a55019976642122b5e061e62e5eadf21936f,736
0x749fee22929ffb4d9be21fbeef05ed076a94e68f,1613
0xc5d51eb64a131ee178885892a378c25c13d7f0fd,2673
0x51acf7692f8be7142a9cc412240c688eb4c2fb2a,1147
0x51acf7692f8be7142a9cc412240c688eb4c2fb2a,1146
0x749fee22929ffb4d9be21fbeef05ed076a94e68f,1614
0x2960388ef9d7de59e37780d4d67c1833ee3e3aac,615
0x8eadc7cc0a77594e3fa999e80e1ccb7f4e1c04e0,1952
0x51acf7692f8be7142a9cc412240c688eb4c2fb2a,1151
0x84523da59315f8cdab9ebcf680a821a4938ab678,1813
0xfd9ce79fd7f62ca88ace958cd2716f4cce25e2df,3356
0x7915e43086cd78be341df73726c0947b6334b978,1681
0x51acf7692f8be7142a9cc412240c688eb4c2fb2a,1154
0x51acf7692f8be7142a9cc412240c688eb4c2fb2a,1153
0xad8798d1c0d85a94dfb8c0b033ecaaf38029ba94,2367
0x297e2f24cb0825a287af54a4c1434be14287be99,616
0x8f09cab21e32219618ce302fc60abb9f4dfbb86d,1956
0x36649037b06bad137478f853163226e18cdc4b91,768
0x20ea11487fe97ba541663f4162938750e278a4ea,480
0x8efc355c968fa0a66ae709af37ce14c23dac4f65,1954
0x2de55ccfbf37e76e536934e1c5b7164b12792c4d,662
0x7915b7afee448b4fec7be178e971b5ab7ef97fff,1679
0xb30db9dcbe7635930505cb662b4952d31067c539,2438
0x047064a07eae3511751eaa688c7bda6ec494c99e,85
0xc5d51eb64a131ee178885892a378c25c13d7f0fd,2675
0x51acf7692f8be7142a9cc412240c688eb4c2fb2a,1149
0x8eadc7cc0a77594e3fa999e80e1ccb7f4e1c04e0,1951
0xe7a82cf7d46df1045807a77c3ca1db60942f6bb7,3124
0x5d0134f655d8fc814eb839e40434a8b68a8ceed3,1306
0x7915e43086cd78be341df73726c0947b6334b978,1680
0x207bfad97ca2bf071cb07022b3e44c68587e9ca9,472
0xdbbd4880cc6fb401d67b58c940ec6c680d74e420,2952
0x047064a07eae3511751eaa688c7bda6ec494c99e,89
0xc5d51eb64a131ee178885892a378c25c13d7f0fd,2676
0x749fee22929ffb4d9be21fbeef05ed076a94e68f,1616
0xb5c7abe03082b2dfecb1e6284af554a441e6f477,2489
0xfc9dd877930e9799beb663523bd31eefe3c99597,3346
0xac104d56e4f8e0462f8c001ec7dde4c68deb596f,2334
0x047064a07eae3511751eaa688c7bda6ec494c99e,82
0x51acf7692f8be7142a9cc412240c688eb4c2fb2a,1152
0xa647a51a1af1ccae559f3ea0addbf2a42285a3b1,2255
0x5fde93cb4d71d67adae945f78f59d5049fd1d8f0,1334
0x047064a07eae3511751eaa688c7bda6ec494c99e,86
0x131415a008df1869a279f781f2ddc6cee795de27,249
0x443540a94c9d53445725c9637d533e0a5faf40f7,921
0x20ea11487fe97ba541663f4162938750e278a4ea,481
0x83025ac4588b3033119925f1902934ad7dcd7461,1792
0x676394a6d682d82ef20ce63c5e213cfb11306222,1417
0xa44e95494661f578a53bc30e8772b3ba45b46b7e,2226
0xc5d51eb64a131ee178885892a378c25c13d7f0fd,2674
0x9a1ee67e454bb963183884e7e2872fc0016613d3,2100
0x1b10bd073ccaa7e88b4805e1484734fb1166c528,383
0xa271aedff599c4a051d0d2326e7a66e300fa1bf7,2203
0x8f4a07fe6c87e349388236b8d1928e14f3c7fc7e,1960
0x5900581b5af6e2585faadc9fcfaaf748035485ed,1238
0xf974305604f874311735a17b34af435d7e498c98,3310
0xb203205a7c998a5372d3643af469c543bc5af83e,2431
0x8139ce54d1021329ac74d61258331088a4e31677,1771
0x65de6475258e3736e5c7d502d2c0a45710c9ec37,1405
0xa271aedff599c4a051d0d2326e7a66e300fa1bf7,2201
0x3aa4d855ffc264659a1c87c0534bbddcc248ee30,815
0xdd6d9b2b4e1c564f25cd869f03100e0b81c53aed,2980
0xd095dcfca3c4c4c9a0683a8d4b3cbea594649895,2803
0xb4f2ce3bd9afb8e4d08901840f025d679240f86b,2483
0x78a1450692a739396475ea201a312942f9fb0c2c,1674
0x1ad5849ea9b00b71cbde6800c449b736b5d35f91,374
0xe790c2d18ff8b79547bf5d0a2e47876e1aa7139f,3123
0xaae3e72253606f7f886a0e0930dc77c09fcce157,2320
0x78a1450692a739396475ea201a312942f9fb0c2c,1672
0xf639767179d28b4a3fc3e102248b2b64c2d3d0f4,3286
0x6f6a4fe5b944424c115dab4302aaf26f0c7db83f,1547
0x78a1450692a739396475ea201a312942f9fb0c2c,1671
0x72668fb7059d5c06057b7d2d88d9c7a42e76a0fb,1571
0x1ad5849ea9b00b71cbde6800c449b736b5d35f91,377
0xa271aedff599c4a051d0d2326e7a66e300fa1bf7,2202
0x1ad5849ea9b00b71cbde6800c449b736b5d35f91,375
0x1b10bd073ccaa7e88b4805e1484734fb1166c528,384
0xa271aedff599c4a051d0d2326e7a66e300fa1bf7,2205
0x2310d1d6e48f1dcdf659259a64a50c3fe85b644f,525
0xdd8a7607070abba80f6c9954265f42a50b587ea7,2982
0xdcbd73c88cbfe8ed9134e3ee1d31c4e9f09f946b,2972
0xa271aedff599c4a051d0d2326e7a66e300fa1bf7,2206
0xdd8a7607070abba80f6c9954265f42a50b587ea7,2981
0x1ad5849ea9b00b71cbde6800c449b736b5d35f91,376
0x78a1450692a739396475ea201a312942f9fb0c2c,1675
0x45dc6a497c6f1b95e9942fa6fc833b0089cbdbbe,959
0x1dd547542c92543b8c3645fc9ac6c0938d66a578,430
0x3443bc63a7b0304e71336d5949c0acf526e71e01,749
0x2c0d00da4cc0df7303baf92447a04d76171a9383,654
0x78a1450692a739396475ea201a312942f9fb0c2c,1670
0x6073b187357c6b2970da8812ece1959b3cce487d,1346
0x0396e41347f6a8ca45b4a3efa82c436786dd44b5,77
0x78a1450692a739396475ea201a312942f9fb0c2c,1673
0x35ec7d9437758ff303446420c111ffddaed43202,765
0x2310d1d6e48f1dcdf659259a64a50c3fe85b644f,526
0xad1970fc3886df3bac6a7f10c981626ac8d06422,2355
0xad1970fc3886df3bac6a7f10c981626ac8d06422,2354
0x9b4057ba7ef68ac0c7dd0b9db3af42b9f5e33a66,2119
0x7bb055240b4cf366c42d2d5bdd3e731f6132df44,1708
0x6021c8fdaf2c499ace509b9197dc3f7093817127,1338
0xc3bb0bd27550d54a9d9c4134a34d484387d8dedb,2637
0xb3d9a26bcd467436c115c9b3040d64b5118d04e4,2451
0x923a4843bd08f28eabd599084ecc5e23f047584b,2002
0x9b37bc499de5e675063695211618f3cd64a1b9fc,2116
0x7bb055240b4cf366c42d2d5bdd3e731f6132df44,1709
0xb77d8895f7aaea0b8a04a12bf528eabea7e3a18f,2511
0x923a4843bd08f28eabd599084ecc5e23f047584b,2003
0xe93f5c9e2192995ba6833c4d80bce9ee39cdf5a2,3142
0x7bb055240b4cf366c42d2d5bdd3e731f6132df44,1711
0xad1970fc3886df3bac6a7f10c981626ac8d06422,2353
0xb3d9a26bcd467436c115c9b3040d64b5118d04e4,2453
0x6021c8fdaf2c499ace509b9197dc3f7093817127,1339
0xf639767179d28b4a3fc3e102248b2b64c2d3d0f4,3287
0x9b37bc499de5e675063695211618f3cd64a1b9fc,2118
0x7bb055240b4cf366c42d2d5bdd3e731f6132df44,1707
0x7bb055240b4cf366c42d2d5bdd3e731f6132df44,1710
0xb3d9a26bcd467436c115c9b3040d64b5118d04e4,2454
0x27ffa728654a65ab6797a25d0a0664bd2bcdb496,590
0x7ee2c57deaaeb6614e341e9556cde49f1c2557ed,1743
0x8303e780d179bb8a28b8fe08965880ab0b301831,1795
0x155ab518442fcd63322b86f117a95938cc957264,277
0xd711f9a7aae321391ef79181273631463751922b,2899
0x1d4362258f127e05569d5b16598a2236ebf383c7,418
0x29b31d9c086bc894cd447b8f51fc2c839a2fdb01,621
0x651323817d479d40b49e2e63396f2ff47f225267,1394
0x3e7af56e85943bfbf44eaeba0feafd22669be2f0,847
0x2e9526ed161beda4bc381d5284a1803113f8ad28,677
0x8303e780d179bb8a28b8fe08965880ab0b301831,1794
0x680858f1149c94f52ccd6fc0ef7f2f25c0ed632e,1429
0xe2bdae527f99a68724b9d5c271438437fc2a4695,3059
0x651323817d479d40b49e2e63396f2ff47f225267,1395
0x7f873ec58d567e78a2c1dca322cbdb6d490ccb7d,1755
0x2fa11ef008c4b585ccf0a76861794ac7ae5a3a67,685
0x010d09ddd06776f28361556f02d3cc137960876e,39
0x2bc52900a118390ea8a97b29eb5e7e75f1cd912c,650
0x817d3bd22c9d38253f931a5efaeb41d401e1dc69,1774
0x1d4362258f127e05569d5b16598a2236ebf383c7,416
0x371a3d3b66ee45b21c672f4f9ac32521f62822d5,777
0x2ff5051c08d40474a1ac24c2d7509b51ece285e9,691
0x29b31d9c086bc894cd447b8f51fc2c839a2fdb01,623
0x44e2a84bc52880e43ed2c57c9022f7a416072e6e,940
0x680858f1149c94f52ccd6fc0ef7f2f25c0ed632e,1428
0xe64b416c651a02f68566c7c2e38c19fae820e105,3108
0x1d4362258f127e05569d5b16598a2236ebf383c7,415
0xbf46b318a65bc213eb8e5ef4ea02590f82fd92b2,2583
0x2ff5051c08d40474a1ac24c2d7509b51ece285e9,692
0x1d4362258f127e05569d5b16598a2236ebf383c7,419
0xb41f28249422d186b3660d7894ab3a9eaa6e5318,2465
0xbef496bf3f362b62b90da17f23067cf4151ab9f8,2578
0xb011a3f752e676130f922b22c3327fe22c406af8,2398
0x2b762480e5bdf49eba0e2126bd96685c70112355,645
0x680858f1149c94f52ccd6fc0ef7f2f25c0ed632e,1427
0x2ff5051c08d40474a1ac24c2d7509b51ece285e9,690
0xd4fe0e8d4080723843dfba21320360bd724b263d,2868
0xe2bdae527f99a68724b9d5c271438437fc2a4695,3058
0xe2bdae527f99a68724b9d5c271438437fc2a4695,3060
0x8fafc6d084c1d2e5789772bb6ac9471d5b1c0781,1970
0x4c5b8663b34b53052fca9dc6df599c968097b869,1070
0x1d4362258f127e05569d5b16598a2236ebf383c7,417
0x44e2a84bc52880e43ed2c57c9022f7a416072e6e,943
0x233b94813f1933c85abea6a8997877836fc1aaf0,531
0x9b37bc499de5e675063695211618f3cd64a1b9fc,2117
0xbd4bb77edb8ac989ff8177923e135d42c3156cd4,2560
0x44e2a84bc52880e43ed2c57c9022f7a416072e6e,941
0x010d09ddd06776f28361556f02d3cc137960876e,40
0xd4fe0e8d4080723843dfba21320360bd724b263d,2867
0xcc582e3294bcdd6d0611779247e096499f5e0443,2744
0x19ffa65cf48b8d0cd9081958e69b7a170824955c,355
0xb120c29049780f8bd5225edaa37f22d3352b641a,2426
0x0395b3d0aa9fd5670dd773ab63017cac21931972,74
0x7314b647668c32ddfdfb8a31b5ea802a82c2a008,1585
0x1778c1938db5ea0cf9e96e5795cf39d0e7a84a00,304
0xc3ebfd5b2e3ffbe7b19e22ddb6effb9bf059d014,2640
0xf0703df5ef0387e186ec54bd4b8b528faa14e122,3214
0x786b2b68f87f335a19ac71d3072a95418a8b59a9,1667
0xc14d1d58f7d40eb287ea898595dc0f6177765db7,2615
0x4d29b7f953ba471fb650fc5842127b05e35949b5,1088
0x31d1e607a4f1c90280aa183635be26e6b9ce5146,716
0xce640c62f7c406955c47995c6b061933d3628878,2775